user_input,retrieved_contexts,response,reference,faithfulness,context_recall
Altın kalitede bir Karnabahar (Cauliflower) kaç altına satılır?,"[""Ekin Adı:  Cauliflower.\nYetiştiği Mevsimler: Spring.\nTohum Bilgisi: 'Cauliflower Seeds' olarak geçer.\nTohum Satın Alma Yerleri: Pierre's, JojaMart.\nTohum Satış Fiyatı (Oyuncunun satışı): 40 altın.\nBüyüme Süresi: Toplam 12 gün sürer.\nHasat Özelliği: Bu bitki tek hasatlıktır, hasattan sonra tekrar ekilmesi gerekir.\nHasat Başına Kazanılan XP: Bilinmiyor puan.\nÜRÜN SATIŞ FİYATLARI (Kaliteye Göre):\n- Normal Kalite: 175 altın\n- Gümüş (Silver) Kalite: 218 altın\n- Altın (Gold) Kalite: 262 altın\n- İridyum (Iridium) Kalite: 350 altın"", ""Ekin Adı:  Cauliflower.\nYetiştiği Mevsimler: Spring.\nTohum Bilgisi: 'Cauliflower Seeds' olarak geçer.\nTohum Satın Alma Yerleri: Pierre's, JojaMart.\nTohum Satış Fiyatı (Oyuncunun satışı): 40 altın.\nBüyüme Süresi: Toplam 12 gün sürer.\nHasat Özelliği: Bu bitki tek hasatlıktır, hasattan sonra tekrar ekilmesi gerekir.\nHasat Başına Kazanılan XP: Bilinmiyor puan.\nÜRÜN SATIŞ FİYATLARI (Kaliteye Göre):\n- Normal Kalite: 175 altın\n- Gümüş (Silver) Kalite: 218 altın\n- Altın (Gold) Kalite: 262 altın\n- İridyum (Iridium) Kalite: 350 altın"", ""Ekin Adı:  Cauliflower.\nYetiştiği Mevsimler: Spring.\nTohum Bilgisi: 'Cauliflower Seeds' olarak geçer.\nTohum Satın Alma Yerleri: Pierre's, JojaMart.\nTohum Satış Fiyatı (Oyuncunun satışı): 40 altın.\nBüyüme Süresi: Toplam 12 gün sürer.\nHasat Özelliği: Bu bitki tek hasatlıktır, hasattan sonra tekrar ekilmesi gerekir.\nHasat Başına Kazanılan XP: Bilinmiyor puan.\nÜRÜN SATIŞ FİYATLARI (Kaliteye Göre):\n- Normal Kalite: 175 altın\n- Gümüş (Silver) Kalite: 218 altın\n- Altın (Gold) Kalite: 262 altın\n- İridyum (Iridium) Kalite: 350 altın"", ""Ekin Adı:  Broccoli.\nYetiştiği Mevsimler: Fall.\nTohum Bilgisi: 'Broccoli Seeds' olarak geçer.\nTohum Satın Alma Yerleri: Foraging.\nTohum Satış Fiyatı (Oyuncunun satışı): 40 altın.\nBüyüme Süresi: Toplam 8 gün sürer.\nHasat Özelliği: Bu bitki hasat edildikten sonra ölmeyip her 4 günde bir tekrar ürün verir.\nHasat Başına Kazanılan XP: Bilinmiyor puan.\nÜRÜN SATIŞ FİYATLARI (Kaliteye Göre):\n- Normal Kalite: 70 altın\n- Gümüş (Silver) Kalite: 87 altın\n- Altın (Gold) Kalite: 105 altın\n- İridyum (Iridium) Kalite: 140 altın"", ""Ekin Adı:  Broccoli.\nYetiştiği Mevsimler: Fall.\nTohum Bilgisi: 'Broccoli Seeds' olarak geçer.\nTohum Satın Alma Yerleri: Foraging.\nTohum Satış Fiyatı (Oyuncunun satışı): 40 altın.\nBüyüme Süresi: Toplam 8 gün sürer.\nHasat Özelliği: Bu bitki hasat edildikten sonra ölmeyip her 4 günde bir tekrar ürün verir.\nHasat Başına Kazanılan XP: Bilinmiyor puan.\nÜRÜN SATIŞ FİYATLARI (Kaliteye Göre):\n- Normal Kalite: 70 altın\n- Gümüş (Silver) Kalite: 87 altın\n- Altın (Gold) Kalite: 105 altın\n- İridyum (Iridium) Kalite: 140 altın""]",Altın kalitede bir Karnabahar (Cauliflower) 262 altına satılır.,Altın kalitede bir Karnabahar 262 altına satılır.,1.0,1.0
Abigail'in doğum günü ne zamandır?,"[""Karakter Adı: Abigail.\nYaşadığı Yer: Pelican Town bölgesi, Adres: Pierre's General Store.\nDoğum Günü: Fall mevsiminin 13. günü.\nAile Üyeleri: Pierre, Caroline.\nEvlilik Durumu: Evlenilebilir.\nKlinik Ziyaret Günü: Spring 4.\nHEDİYE REHBERİ:\n- Çok Sevdiği (Love): All Universal Loves, Amethyst, Banana Pudding, Blackberry Cobbler, Chocolate Cake, Monster Compendium, Pufferfish, Pumpkin, Spicy Eel\n- Sevdiği (Like): All Universal Likes (except Vegetables), Ancient Sword, Basilisk Paw, Bone Flute, Combat Quarterly, Quartz\n- Nötr Olduğu (Neutral): All Universal Neutrals (except Combat Quarterly & Monster Compendium), All Milk, Chanterelle, Common Mushroom, Daffodil, Dandelion, Ginger, Hazelnut, Leek, Magma Cap, Morel, Purple Mushroom, Snow Yam, Winter Root\n- Sevmediği (Dislike): All Universal Dislikes (except Ancient Sword, Basilisk Paw, Bone Flute, Clay & Pufferfish), All Eggs*, All Fruit (except Fruit Tree Fruit), All Vegetables (except Hops, Pumpkin, Tea Leaves, & Wheat), Sugar, Wild Horseradish\n- Nefret Ettiği (Hate): All Universal Hates (except Sugar), Clay, Holly"", ""Karakter Adı: Abigail.\nYaşadığı Yer: Pelican Town bölgesi, Adres: Pierre's General Store.\nDoğum Günü: Fall mevsiminin 13. günü.\nAile Üyeleri: Pierre, Caroline.\nEvlilik Durumu: Evlenilebilir.\nKlinik Ziyaret Günü: Spring 4.\nHEDİYE REHBERİ:\n- Çok Sevdiği (Love): All Universal Loves, Amethyst, Banana Pudding, Blackberry Cobbler, Chocolate Cake, Monster Compendium, Pufferfish, Pumpkin, Spicy Eel\n- Sevdiği (Like): All Universal Likes (except Vegetables), Ancient Sword, Basilisk Paw, Bone Flute, Combat Quarterly, Quartz\n- Nötr Olduğu (Neutral): All Universal Neutrals (except Combat Quarterly & Monster Compendium), All Milk, Chanterelle, Common Mushroom, Daffodil, Dandelion, Ginger, Hazelnut, Leek, Magma Cap, Morel, Purple Mushroom, Snow Yam, Winter Root\n- Sevmediği (Dislike): All Universal Dislikes (except Ancient Sword, Basilisk Paw, Bone Flute, Clay & Pufferfish), All Eggs*, All Fruit (except Fruit Tree Fruit), All Vegetables (except Hops, Pumpkin, Tea Leaves, & Wheat), Sugar, Wild Horseradish\n- Nefret Ettiği (Hate): All Universal Hates (except Sugar), Clay, Holly"", ""Karakter Adı: Abigail.\nYaşadığı Yer: Pelican Town bölgesi, Adres: Pierre's General Store.\nDoğum Günü: Fall mevsiminin 13. günü.\nAile Üyeleri: Pierre, Caroline.\nEvlilik Durumu: Evlenilebilir.\nKlinik Ziyaret Günü: Spring 4.\nHEDİYE REHBERİ:\n- Çok Sevdiği (Love): All Universal Loves, Amethyst, Banana Pudding, Blackberry Cobbler, Chocolate Cake, Monster Compendium, Pufferfish, Pumpkin, Spicy Eel\n- Sevdiği (Like): All Universal Likes (except Vegetables), Ancient Sword, Basilisk Paw, Bone Flute, Combat Quarterly, Quartz\n- Nötr Olduğu (Neutral): All Universal Neutrals (except Combat Quarterly & Monster Compendium), All Milk, Chanterelle, Common Mushroom, Daffodil, Dandelion, Ginger, Hazelnut, Leek, Magma Cap, Morel, Purple Mushroom, Snow Yam, Winter Root\n- Sevmediği (Dislike): All Universal Dislikes (except Ancient Sword, Basilisk Paw, Bone Flute, Clay & Pufferfish), All Eggs*, All Fruit (except Fruit Tree Fruit), All Vegetables (except Hops, Pumpkin, Tea Leaves, & Wheat), Sugar, Wild Horseradish\n- Nefret Ettiği (Hate): All Universal Hates (except Sugar), Clay, Holly"", ""Karakter Adı: Caroline.\nYaşadığı Yer: Pelican Town bölgesi, Adres: Pierre's General Store.\nDoğum Günü: Winter mevsiminin 7. günü.\nAile Üyeleri: Pierre, Abigail.\nEvlilik Durumu: Evlenilemez.\nKlinik Ziyaret Günü: Fall 25.\nHEDİYE REHBERİ:\n- Çok Sevdiği (Love): All Universal Loves, Fish Taco, Green Tea, Summer Spangle, Tropical Curry\n- Sevdiği (Like): All Universal Likes (except Amaranth, Duck Mayonnaise, & Mayonnaise), Daffodil, Tea Leaves, Wild Horseradish\n- Nötr Olduğu (Neutral): All Universal Neutrals (except Tea Leaves), All Eggs (except Void Egg)*, All Fruit (except pre-1.5 Fruit Tree Fruit & Salmonberry), All Milk\n- Sevmediği (Dislike): All Universal Dislikes, Amaranth, Chanterelle, Common Mushroom, Dandelion, Duck Mayonnaise, Ginger, Hazelnut, Holly, Leek, Magma Cap, Mayonnaise, Morel, Purple Mushroom, Snow Yam, Winter Root\n- Nefret Ettiği (Hate): All Universal Hates, Quartz, Salmonberry"", ""Karakter Adı: Caroline.\nYaşadığı Yer: Pelican Town bölgesi, Adres: Pierre's General Store.\nDoğum Günü: Winter mevsiminin 7. günü.\nAile Üyeleri: Pierre, Abigail.\nEvlilik Durumu: Evlenilemez.\nKlinik Ziyaret Günü: Fall 25.\nHEDİYE REHBERİ:\n- Çok Sevdiği (Love): All Universal Loves, Fish Taco, Green Tea, Summer Spangle, Tropical Curry\n- Sevdiği (Like): All Universal Likes (except Amaranth, Duck Mayonnaise, & Mayonnaise), Daffodil, Tea Leaves, Wild Horseradish\n- Nötr Olduğu (Neutral): All Universal Neutrals (except Tea Leaves), All Eggs (except Void Egg)*, All Fruit (except pre-1.5 Fruit Tree Fruit & Salmonberry), All Milk\n- Sevmediği (Dislike): All Universal Dislikes, Amaranth, Chanterelle, Common Mushroom, Dandelion, Duck Mayonnaise, Ginger, Hazelnut, Holly, Leek, Magma Cap, Mayonnaise, Morel, Purple Mushroom, Snow Yam, Winter Root\n- Nefret Ettiği (Hate): All Universal Hates, Quartz, Salmonberry""]",Abigail'in doğum günü Fall mevsiminin 13. günüdür.,Abigail'in doğum günü Güz (Fall) mevsiminin 13. günüdür.,1.0,1.0
Kahve Çekirdeği (Coffee Bean) hangi mevsimlerde yetişir?,"[""Ekin Adı: Coffee Bean.\nYetiştiği Mevsimler: Spring, Summer.\nTohum Bilgisi: 'Coffee Bean' olarak geçer.\nTohum Satın Alma Yerleri: Traveling Cart, Dust Sprite.\nTohum Satış Fiyatı (Oyuncunun satışı): Coffee Bean altın.\nBüyüme Süresi: Toplam 10 gün sürer.\nHasat Özelliği: Bu bitki hasat edildikten sonra ölmeyip her 2 günde bir tekrar ürün verir.\nHasat Başına Kazanılan XP: Bilinmiyor puan.\nÜRÜN SATIŞ FİYATLARI (Kaliteye Göre):\n- Normal Kalite: 15 altın\n- Gümüş (Silver) Kalite: 18 altın\n- Altın (Gold) Kalite: 22 altın\n- İridyum (Iridium) Kalite: 30 altın"", ""Ekin Adı: Coffee Bean.\nYetiştiği Mevsimler: Spring, Summer.\nTohum Bilgisi: 'Coffee Bean' olarak geçer.\nTohum Satın Alma Yerleri: Traveling Cart, Dust Sprite.\nTohum Satış Fiyatı (Oyuncunun satışı): Coffee Bean altın.\nBüyüme Süresi: Toplam 10 gün sürer.\nHasat Özelliği: Bu bitki hasat edildikten sonra ölmeyip her 2 günde bir tekrar ürün verir.\nHasat Başına Kazanılan XP: Bilinmiyor puan.\nÜRÜN SATIŞ FİYATLARI (Kaliteye Göre):\n- Normal Kalite: 15 altın\n- Gümüş (Silver) Kalite: 18 altın\n- Altın (Gold) Kalite: 22 altın\n- İridyum (Iridium) Kalite: 30 altın"", ""Ekin Adı: Coffee Bean.\nYetiştiği Mevsimler: Spring, Summer.\nTohum Bilgisi: 'Coffee Bean' olarak geçer.\nTohum Satın Alma Yerleri: Traveling Cart, Dust Sprite.\nTohum Satış Fiyatı (Oyuncunun satışı): Coffee Bean altın.\nBüyüme Süresi: Toplam 10 gün sürer.\nHasat Özelliği: Bu bitki hasat edildikten sonra ölmeyip her 2 günde bir tekrar ürün verir.\nHasat Başına Kazanılan XP: Bilinmiyor puan.\nÜRÜN SATIŞ FİYATLARI (Kaliteye Göre):\n- Normal Kalite: 15 altın\n- Gümüş (Silver) Kalite: 18 altın\n- Altın (Gold) Kalite: 22 altın\n- İridyum (Iridium) Kalite: 30 altın"", ""Ekin Adı:  Green Bean.\nYetiştiği Mevsimler: Spring.\nTohum Bilgisi: 'Bean Starter' olarak geçer.\nTohum Satın Alma Yerleri: Pierre's, JojaMart.\nTohum Satış Fiyatı (Oyuncunun satışı): 30 altın.\nBüyüme Süresi: Toplam 10 gün sürer.\nHasat Özelliği: Bu bitki hasat edildikten sonra ölmeyip her 3 günde bir tekrar ürün verir.\nHasat Başına Kazanılan XP: Bilinmiyor puan.\nÜRÜN SATIŞ FİYATLARI (Kaliteye Göre):\n- Normal Kalite: 40 altın\n- Gümüş (Silver) Kalite: 50 altın\n- Altın (Gold) Kalite: 60 altın\n- İridyum (Iridium) Kalite: 80 altın"", ""Ekin Adı:  Green Bean.\nYetiştiği Mevsimler: Spring.\nTohum Bilgisi: 'Bean Starter' olarak geçer.\nTohum Satın Alma Yerleri: Pierre's, JojaMart.\nTohum Satış Fiyatı (Oyuncunun satışı): 30 altın.\nBüyüme Süresi: Toplam 10 gün sürer.\nHasat Özelliği: Bu bitki hasat edildikten sonra ölmeyip her 3 günde bir tekrar ürün verir.\nHasat Başına Kazanılan XP: Bilinmiyor puan.\nÜRÜN SATIŞ FİYATLARI (Kaliteye Göre):\n- Normal Kalite: 40 altın\n- Gümüş (Silver) Kalite: 50 altın\n- Altın (Gold) Kalite: 60 altın\n- İridyum (Iridium) Kalite: 80 altın""]",Kahve Çekirdeği (Coffee Bean) ilkbahar (Spring) ve yaz (Summer) mevsimlerinde yetişir.,Kahve Çekirdeği hem Bahar (Spring) hem de Yaz (Summer) mevsimlerinde yetişir.,1.0,1.0
Ayçiçeği (Sunflower) tohumlarını nereden satın alabilirim?,"[""Ekin Adı:  Sunflower.\nYetiştiği Mevsimler: Summer, Fall.\nTohum Bilgisi: 'Sunflower Seeds' olarak geçer.\nTohum Satın Alma Yerleri: Pierre's, JojaMart.\nTohum Satış Fiyatı (Oyuncunun satışı): edit altın.\nBüyüme Süresi: Toplam 8 gün sürer.\nHasat Özelliği: Bu bitki tek hasatlıktır, hasattan sonra tekrar ekilmesi gerekir.\nHasat Başına Kazanılan XP: Bilinmiyor puan.\nÜRÜN SATIŞ FİYATLARI (Kaliteye Göre):\n- Normal Kalite: 80 altın\n- Gümüş (Silver) Kalite: 100 altın\n- Altın (Gold) Kalite: 120 altın\n- İridyum (Iridium) Kalite: 160 altın"", ""Ekin Adı:  Sunflower.\nYetiştiği Mevsimler: Summer, Fall.\nTohum Bilgisi: 'Sunflower Seeds' olarak geçer.\nTohum Satın Alma Yerleri: Pierre's, JojaMart.\nTohum Satış Fiyatı (Oyuncunun satışı): edit altın.\nBüyüme Süresi: Toplam 8 gün sürer.\nHasat Özelliği: Bu bitki tek hasatlıktır, hasattan sonra tekrar ekilmesi gerekir.\nHasat Başına Kazanılan XP: Bilinmiyor puan.\nÜRÜN SATIŞ FİYATLARI (Kaliteye Göre):\n- Normal Kalite: 80 altın\n- Gümüş (Silver) Kalite: 100 altın\n- Altın (Gold) Kalite: 120 altın\n- İridyum (Iridium) Kalite: 160 altın"", ""Ekin Adı:  Sunflower.\nYetiştiği Mevsimler: Summer, Fall.\nTohum Bilgisi: 'Sunflower Seeds' olarak geçer.\nTohum Satın Alma Yerleri: Pierre's, JojaMart.\nTohum Satış Fiyatı (Oyuncunun satışı): edit altın.\nBüyüme Süresi: Toplam 8 gün sürer.\nHasat Özelliği: Bu bitki tek hasatlıktır, hasattan sonra tekrar ekilmesi gerekir.\nHasat Başına Kazanılan XP: Bilinmiyor puan.\nÜRÜN SATIŞ FİYATLARI (Kaliteye Göre):\n- Normal Kalite: 80 altın\n- Gümüş (Silver) Kalite: 100 altın\n- Altın (Gold) Kalite: 120 altın\n- İridyum (Iridium) Kalite: 160 altın"", ""Ekin Adı:  Tulip.\nYetiştiği Mevsimler: Spring.\nTohum Bilgisi: 'Tulip Bulb' olarak geçer.\nTohum Satın Alma Yerleri: Pierre's, JojaMart.\nTohum Satış Fiyatı (Oyuncunun satışı): 10 altın.\nBüyüme Süresi: Toplam 6 gün sürer.\nHasat Özelliği: Bu bitki tek hasatlıktır, hasattan sonra tekrar ekilmesi gerekir.\nHasat Başına Kazanılan XP: Bilinmiyor puan.\nÜRÜN SATIŞ FİYATLARI (Kaliteye Göre):\n- Normal Kalite: 30 altın\n- Gümüş (Silver) Kalite: 37 altın\n- Altın (Gold) Kalite: 45 altın\n- İridyum (Iridium) Kalite: 60 altın"", ""Ekin Adı:  Tulip.\nYetiştiği Mevsimler: Spring.\nTohum Bilgisi: 'Tulip Bulb' olarak geçer.\nTohum Satın Alma Yerleri: Pierre's, JojaMart.\nTohum Satış Fiyatı (Oyuncunun satışı): 10 altın.\nBüyüme Süresi: Toplam 6 gün sürer.\nHasat Özelliği: Bu bitki tek hasatlıktır, hasattan sonra tekrar ekilmesi gerekir.\nHasat Başına Kazanılan XP: Bilinmiyor puan.\nÜRÜN SATIŞ FİYATLARI (Kaliteye Göre):\n- Normal Kalite: 30 altın\n- Gümüş (Silver) Kalite: 37 altın\n- Altın (Gold) Kalite: 45 altın\n- İridyum (Iridium) Kalite: 60 altın""]",Ayçiçeği (Sunflower) tohumlarını Pierre's ve JojaMart'tan satın alabilirsiniz.,Ayçiçeği tohumları Pierre's General Store ve JojaMart'tan satın alınabilir.,1.0,1.0
Maru kimlerle birlikte yaşamaktadır?,"[""Karakter Adı: Maru.\nYaşadığı Yer: The Mountain bölgesi, Adres: 24 Mountain Road.\nDoğum Günü: Summer mevsiminin 10. günü.\nAile Üyeleri: Demetrius, Robin, Sebastian.\nEvlilik Durumu: Evlenilebilir.\nKlinik Ziyaret Günü: Never.\nHEDİYE REHBERİ:\n- Çok Sevdiği (Love): All Universal Loves, Battery Pack, Cauliflower, Cheese Cauliflower, Diamond, Dwarf Gadget, Gold Bar, Iridium Bar, Miner's Treat, Pepper Poppers, Radioactive Bar, Rhubarb Pie, Strawberry\n- Sevdiği (Like): All Universal Likes (except Honey, Maple Syrup, & Pickles), Chanterelle, Copper Bar, Iron Bar, Oak Resin, Pine Tar, Quartz, Radioactive Ore\n- Nötr Olduğu (Neutral): All Universal Neutrals (except Truffle), All Eggs (except Void Egg)*, All Fruit (except Blackberry, Crystal Fruit, Fruit Tree Fruit, Salmonberry, & Strawberry), All Milk, Daffodil, Dandelion, Ginger, Hazelnut, Leek, Magma Cap, Morel, Purple Mushroom, Wild Horseradish, Winter Root\n- Sevmediği (Dislike): All Universal Dislikes (except Battery Pack, Copper Bar, Dwarf Gadget, Gold Bar, Iridium Bar, Iron Bar, Oak Resin, & Pine Tar), Blackberry, Common Mushroom, Crystal Fruit, Maple Syrup, Salmonberry\n- Nefret Ettiği (Hate): All Universal Hates (except Radioactive Bar & Radioactive Ore), Holly, Honey, Pickles, Snow Yam, Truffle"", ""Karakter Adı: Maru.\nYaşadığı Yer: The Mountain bölgesi, Adres: 24 Mountain Road.\nDoğum Günü: Summer mevsiminin 10. günü.\nAile Üyeleri: Demetrius, Robin, Sebastian.\nEvlilik Durumu: Evlenilebilir.\nKlinik Ziyaret Günü: Never.\nHEDİYE REHBERİ:\n- Çok Sevdiği (Love): All Universal Loves, Battery Pack, Cauliflower, Cheese Cauliflower, Diamond, Dwarf Gadget, Gold Bar, Iridium Bar, Miner's Treat, Pepper Poppers, Radioactive Bar, Rhubarb Pie, Strawberry\n- Sevdiği (Like): All Universal Likes (except Honey, Maple Syrup, & Pickles), Chanterelle, Copper Bar, Iron Bar, Oak Resin, Pine Tar, Quartz, Radioactive Ore\n- Nötr Olduğu (Neutral): All Universal Neutrals (except Truffle), All Eggs (except Void Egg)*, All Fruit (except Blackberry, Crystal Fruit, Fruit Tree Fruit, Salmonberry, & Strawberry), All Milk, Daffodil, Dandelion, Ginger, Hazelnut, Leek, Magma Cap, Morel, Purple Mushroom, Wild Horseradish, Winter Root\n- Sevmediği (Dislike): All Universal Dislikes (except Battery Pack, Copper Bar, Dwarf Gadget, Gold Bar, Iridium Bar, Iron Bar, Oak Resin, & Pine Tar), Blackberry, Common Mushroom, Crystal Fruit, Maple Syrup, Salmonberry\n- Nefret Ettiği (Hate): All Universal Hates (except Radioactive Bar & Radioactive Ore), Holly, Honey, Pickles, Snow Yam, Truffle"", ""Karakter Adı: Maru.\nYaşadığı Yer: The Mountain bölgesi, Adres: 24 Mountain Road.\nDoğum Günü: Summer mevsiminin 10. günü.\nAile Üyeleri: Demetrius, Robin, Sebastian.\nEvlilik Durumu: Evlenilebilir.\nKlinik Ziyaret Günü: Never.\nHEDİYE REHBERİ:\n- Çok Sevdiği (Love): All Universal Loves, Battery Pack, Cauliflower, Cheese Cauliflower, Diamond, Dwarf Gadget, Gold Bar, Iridium Bar, Miner's Treat, Pepper Poppers, Radioactive Bar, Rhubarb Pie, Strawberry\n- Sevdiği (Like): All Universal Likes (except Honey, Maple Syrup, & Pickles), Chanterelle, Copper Bar, Iron Bar, Oak Resin, Pine Tar, Quartz, Radioactive Ore\n- Nötr Olduğu (Neutral): All Universal Neutrals (except Truffle), All Eggs (except Void Egg)*, All Fruit (except Blackberry, Crystal Fruit, Fruit Tree Fruit, Salmonberry, & Strawberry), All Milk, Daffodil, Dandelion, Ginger, Hazelnut, Leek, Magma Cap, Morel, Purple Mushroom, Wild Horseradish, Winter Root\n- Sevmediği (Dislike): All Universal Dislikes (except Battery Pack, Copper Bar, Dwarf Gadget, Gold Bar, Iridium Bar, Iron Bar, Oak Resin, & Pine Tar), Blackberry, Common Mushroom, Crystal Fruit, Maple Syrup, Salmonberry\n- Nefret Ettiği (Hate): All Universal Hates (except Radioactive Bar & Radioactive Ore), Holly, Honey, Pickles, Snow Yam, Truffle"", ""Karakter Adı: Marnie.\nYaşadığı Yer: Cindersap Forest bölgesi, Adres: Marnie's Ranch.\nDoğum Günü: Fall mevsiminin 18. günü.\nAile Üyeleri: Jas, Shane.\nEvlilik Durumu: Evlenilemez.\nKlinik Ziyaret Günü: Fall 18 ; Winter 18 (with Jas).\nHEDİYE REHBERİ:\n- Çok Sevdiği (Love): All Universal Loves, Diamond, Farmer's Lunch, Pink Cake, Pumpkin Pie\n- Sevdiği (Like): All Universal Likes, All Eggs (except Void Egg)*, All Milk, Quartz, Stardew Valley Almanac\n- Nötr Olduğu (Neutral): All Universal Neutrals, All Fruit (except Fruit Tree Fruit & Salmonberry), Chanterelle, Common Mushroom, Daffodil, Dandelion, Ginger, Hazelnut, Leek, Magma Cap, Morel, Purple Mushroom, Snow Yam, Winter Root\n- Sevmediği (Dislike): All Universal Dislikes (except Clay), Salmonberry, Seaweed, Wild Horseradish\n- Nefret Ettiği (Hate): All Universal Hates (except Seaweed), Clay, Holly"", ""Karakter Adı: Marnie.\nYaşadığı Yer: Cindersap Forest bölgesi, Adres: Marnie's Ranch.\nDoğum Günü: Fall mevsiminin 18. günü.\nAile Üyeleri: Jas, Shane.\nEvlilik Durumu: Evlenilemez.\nKlinik Ziyaret Günü: Fall 18 ; Winter 18 (with Jas).\nHEDİYE REHBERİ:\n- Çok Sevdiği (Love): All Universal Loves, Diamond, Farmer's Lunch, Pink Cake, Pumpkin Pie\n- Sevdiği (Like): All Universal Likes, All Eggs (except Void Egg)*, All Milk, Quartz, Stardew Valley Almanac\n- Nötr Olduğu (Neutral): All Universal Neutrals, All Fruit (except Fruit Tree Fruit & Salmonberry), Chanterelle, Common Mushroom, Daffodil, Dandelion, Ginger, Hazelnut, Leek, Magma Cap, Morel, Purple Mushroom, Snow Yam, Winter Root\n- Sevmediği (Dislike): All Universal Dislikes (except Clay), Salmonberry, Seaweed, Wild Horseradish\n- Nefret Ettiği (Hate): All Universal Hates (except Seaweed), Clay, Holly""]","Maru, Demetrius, Robin ve Sebastian ile birlikte yaşamaktadır.","Maru; Robin, Demetrius ve Sebastian ile birlikte yaşamaktadır.",0.25,1.0
"Elliot ile evliysen, Pazartesi günleri nereye gider?","[""Karakter Adı: Elliott.\nYaşadığı Yer: The Beach bölgesi, Adres: Elliott's Cabin.\nDoğum Günü: Fall mevsiminin 5. günü.\nAile Üyeleri: .\nEvlilik Durumu: Evlenilebilir.\nKlinik Ziyaret Günü: Summer 9.\nHEDİYE REHBERİ:\n- Çok Sevdiği (Love): All Universal Loves, Crab Cakes, Duck Feather, Lobster, Pomegranate, Squid Ink, Tom Kha Soup\n- Sevdiği (Like): All Universal Likes (except Amaranth, Pizza, & Rainbow Shell), All Books, All Fruit (except Pomegranate & Salmonberry), Octopus, Squid\n- Nötr Olduğu (Neutral): All Universal Neutrals (except Books, Duck Feather, & Squid Ink), All Eggs (except Void Egg)*, All Fish (except Carp, Lobster, Octopus, Sea Cucumber, Snail, & Squid), Rainbow Shell, Sea Urchin\n- Sevmediği (Dislike): All Universal Dislikes (except Fish), All Milk, Chanterelle, Common Mushroom, Daffodil, Dandelion, Ginger, Hazelnut, Holly, Leek, Magma Cap, Morel, Pizza, Purple Mushroom, Snow Yam, Wild Horseradish, Winter Root\n- Nefret Ettiği (Hate): All Universal Hates (except Sea Urchin), Amaranth, Quartz, Salmonberry, Sea Cucumber*, Super Cucumber*"", ""Karakter Adı: Elliott.\nYaşadığı Yer: The Beach bölgesi, Adres: Elliott's Cabin.\nDoğum Günü: Fall mevsiminin 5. günü.\nAile Üyeleri: Hiçbiri.\nEvlilik Durumu: Evlenilebilir.\nKlinik Ziyaret Günü: Summer 9.\nHEDİYE REHBERİ:\n- Çok Sevdiği (Love): All Universal Loves, Crab Cakes, Duck Feather, Lobster, Pomegranate, Squid Ink, Tom Kha Soup\n- Sevdiği (Like): All Universal Likes (except Amaranth, Pizza, & Rainbow Shell), All Books, All Fruit (except Pomegranate & Salmonberry), Octopus, Squid\n- Nötr Olduğu (Neutral): All Universal Neutrals (except Books, Duck Feather, & Squid Ink), All Eggs (except Void Egg)*, All Fish (except Carp, Lobster, Octopus, Sea Cucumber, Snail, & Squid), Rainbow Shell, Sea Urchin\n- Sevmediği (Dislike): All Universal Dislikes (except Fish), All Milk, Chanterelle, Common Mushroom, Daffodil, Dandelion, Ginger, Hazelnut, Holly, Leek, Magma Cap, Morel, Pizza, Purple Mushroom, Snow Yam, Wild Horseradish, Winter Root\n- Nefret Ettiği (Hate): All Universal Hates (except Sea Urchin), Amaranth, Quartz, Salmonberry, Sea Cucumber*, Super Cucumber*"", ""Karakter Adı: Elliott.\nYaşadığı Yer: The Beach bölgesi, Adres: Elliott's Cabin.\nDoğum Günü: Fall mevsiminin 5. günü.\nAile Üyeleri: .\nEvlilik Durumu: Evlenilebilir.\nKlinik Ziyaret Günü: Summer 9.\nHEDİYE REHBERİ:\n- Çok Sevdiği (Love): All Universal Loves, Crab Cakes, Duck Feather, Lobster, Pomegranate, Squid Ink, Tom Kha Soup\n- Sevdiği (Like): All Universal Likes (except Amaranth, Pizza, & Rainbow Shell), All Books, All Fruit (except Pomegranate & Salmonberry), Octopus, Squid\n- Nötr Olduğu (Neutral): All Universal Neutrals (except Books, Duck Feather, & Squid Ink), All Eggs (except Void Egg)*, All Fish (except Carp, Lobster, Octopus, Sea Cucumber, Snail, & Squid), Rainbow Shell, Sea Urchin\n- Sevmediği (Dislike): All Universal Dislikes (except Fish), All Milk, Chanterelle, Common Mushroom, Daffodil, Dandelion, Ginger, Hazelnut, Holly, Leek, Magma Cap, Morel, Pizza, Purple Mushroom, Snow Yam, Wild Horseradish, Winter Root\n- Nefret Ettiği (Hate): All Universal Hates (except Sea Urchin), Amaranth, Quartz, Salmonberry, Sea Cucumber*, Super Cucumber*"", 'Marriage Deviations:\nIf married, spouses will stay at your farm unless these apply:\n- Abigail: Goes to Pierre’s, then graveyard, then Saloon on Mondays; goes to Pierre’s, then Mountain \nlake, then Saloon on Fridays\n- Alex: Visits his grandparents on Mondays\n- Elliot: Goes to the beach on Mondays\n- Emily: Goes to Haley’s house then to work at Saloon on Mondays; goes to docks, then Pierre’s, then \nSaloon on Fridays\n- Haley: Goes to her old house on Mondays\n- Harvey: Goes to Pierre’s and to Fountain on Mondays, works at clinic on Tues & Thurs\n- Leah: Goes to forest river then her cottage on Mondays\n- Maru: Goes to visit parents and then bench near CC on Mondays, works at clinic on Tues/Thu\n- Penny: Goes to Pierre’s and then reads in town on Mondays, tutors Jas & Vincent at Muesum on \nTues, Wed, Fri\n- Sam: Visits parents on Mondays, visits parents and then goes to Saloon on Fridays\n- Sebastian: Goes to mountain lake and visits parents on Mondays, goes to beach and then Saloon on \nFridays', 'Karakter Adı: Evelyn.\nYaşadığı Yer: Pelican Town bölgesi, Adres: 1 River Road.\nDoğum Günü: Winter mevsiminin 20. günü.\nAile Üyeleri: George, Alex.\nEvlilik Durumu: Evlenilemez.\nKlinik Ziyaret Günü: The 2nd of each season ; The 23rd of each season (with George).\nHEDİYE REHBERİ:\n- Çok Sevdiği (Love): All Universal Loves, Beet, Chocolate Cake, Diamond, Fairy Rose, Stuffing, Tulip, Raisins\n- Sevdiği (Like): All Universal Likes (except Fried Eel,  Garlic, Maki Roll, Sashimi, Spicy Eel, & Trout Soup), All Milk, Broken Glasses, Daffodil\n- Nötr Olduğu (Neutral): All Universal Neutrals (except Clam & Coral), All Eggs (except Void Egg)*, All Fruit (except Fruit Tree Fruit, Salmonberry, & Spice Berry), Chanterelle, Common Mushroom, Dandelion, Ginger, Hazelnut, Leek, Magma Cap, Morel, Purple Mushroom, Snow Yam, Winter Root\n- Sevmediği (Dislike): All Universal Dislikes (except Clay & Fish), Quartz, Wild Horseradish\n- Nefret Ettiği (Hate): All Universal Hates (Except Broken Glasses), All Fish, Clam, Clay, Coral, Fried Eel, Garlic, Holly, Maki Roll, Salmonberry, Sashimi, Spice Berry, Spicy Eel, Trout Soup']","Elliott ile evliysen, Pazartesi günleri plaja gider.",Elliot evliyse Pazartesi günleri sahile (beach) gider.,0.5,1.0
"Vincent, Bahar (Spring) ayının 11. günü nereye gider?","['Karakter Adı: Vincent.\nYaşadığı Yer: Pelican Town bölgesi, Adres: 1 Willow Lane.\nDoğum Günü: Spring mevsiminin 10. günü.\nAile Üyeleri: Jodi, Kent, Sam.\nEvlilik Durumu: Evlenilemez.\nKlinik Ziyaret Günü: Spring 11.\nHEDİYE REHBERİ:\n- Çok Sevdiği (Love): All Universal Loves, Cranberry Candy, Frog Egg, Ginger Ale, Grape, Pink Cake, Snail\n- Sevdiği (Like): All Universal Likes (except Triple Shot Espresso, Vegetables and Artisan Goods other than Honey, Jelly, & Oil), Coconut, Daffodil\n- Nötr Olduğu (Neutral): All Universal Neutrals, All Milk\n- Sevmediği (Dislike): All Universal Dislikes (except Clay & Frog Egg), All Eggs*, All Fruit (except Coconut, Grape, & Fruit Tree Fruit), All Vegetables (except Hops, Tea Leaves, & Wheat), Chanterelle, Common Mushroom, Dandelion, Ginger, Hazelnut, Holly, Leek, Magma Cap, Morel, Purple Mushroom, Quartz, Snow Yam, Winter Root\n- Nefret Ettiği (Hate): All Universal Hates (except Snail), All Artisan Goods (except Honey, Jelly & Oil), Clay, Piña Colada, Triple Shot Espresso, Wild Horseradish', 'Karakter Adı: Vincent.\nYaşadığı Yer: Pelican Town bölgesi, Adres: 1 Willow Lane.\nDoğum Günü: Spring mevsiminin 10. günü.\nAile Üyeleri: Jodi, Kent, Sam.\nEvlilik Durumu: Evlenilemez.\nKlinik Ziyaret Günü: Spring 11.\nHEDİYE REHBERİ:\n- Çok Sevdiği (Love): All Universal Loves, Cranberry Candy, Frog Egg, Ginger Ale, Grape, Pink Cake, Snail\n- Sevdiği (Like): All Universal Likes (except Triple Shot Espresso, Vegetables and Artisan Goods other than Honey, Jelly, & Oil), Coconut, Daffodil\n- Nötr Olduğu (Neutral): All Universal Neutrals, All Milk\n- Sevmediği (Dislike): All Universal Dislikes (except Clay & Frog Egg), All Eggs*, All Fruit (except Coconut, Grape, & Fruit Tree Fruit), All Vegetables (except Hops, Tea Leaves, & Wheat), Chanterelle, Common Mushroom, Dandelion, Ginger, Hazelnut, Holly, Leek, Magma Cap, Morel, Purple Mushroom, Quartz, Snow Yam, Winter Root\n- Nefret Ettiği (Hate): All Universal Hates (except Snail), All Artisan Goods (except Honey, Jelly & Oil), Clay, Piña Colada, Triple Shot Espresso, Wild Horseradish', 'Karakter Adı: Vincent.\nYaşadığı Yer: Pelican Town bölgesi, Adres: 1 Willow Lane.\nDoğum Günü: Spring mevsiminin 10. günü.\nAile Üyeleri: Jodi, Kent, Sam.\nEvlilik Durumu: Evlenilemez.\nKlinik Ziyaret Günü: Spring 11.\nHEDİYE REHBERİ:\n- Çok Sevdiği (Love): All Universal Loves, Cranberry Candy, Frog Egg, Ginger Ale, Grape, Pink Cake, Snail\n- Sevdiği (Like): All Universal Likes (except Triple Shot Espresso, Vegetables and Artisan Goods other than Honey, Jelly, & Oil), Coconut, Daffodil\n- Nötr Olduğu (Neutral): All Universal Neutrals, All Milk\n- Sevmediği (Dislike): All Universal Dislikes (except Clay & Frog Egg), All Eggs*, All Fruit (except Coconut, Grape, & Fruit Tree Fruit), All Vegetables (except Hops, Tea Leaves, & Wheat), Chanterelle, Common Mushroom, Dandelion, Ginger, Hazelnut, Holly, Leek, Magma Cap, Morel, Purple Mushroom, Quartz, Snow Yam, Winter Root\n- Nefret Ettiği (Hate): All Universal Hates (except Snail), All Artisan Goods (except Honey, Jelly & Oil), Clay, Piña Colada, Triple Shot Espresso, Wild Horseradish', 'Karakter Adı: Kent.\nYaşadığı Yer: Pelican Town bölgesi, Adres: 1 Willow Lane.\nDoğum Günü: Spring mevsiminin 4. günü.\nAile Üyeleri: Jodi, Sam, Vincent.\nEvlilik Durumu: Evlenilemez.\nKlinik Ziyaret Günü: Never.\nHEDİYE REHBERİ:\n- Çok Sevdiği (Love): All Universal Loves, Fiddlehead Risotto, Roasted Hazelnuts\n- Sevdiği (Like): All Universal Likes (except Algae Soup, Piña Colada, Sashimi, & Tortilla), All Eggs (except Void Egg)*, All Fruit, Daffodil, Dwarvish Safety Manual\n- Nötr Olduğu (Neutral): All Universal Neutrals, Chanterelle, Common Mushroom, Dandelion, Ginger, Hazelnut, Leek, Magma Cap, Morel, Purple Mushroom, Wild Horseradish, Winter Root\n- Sevmediği (Dislike): All Universal Dislikes, Quartz, Snow Yam, Piña Colada\n- Nefret Ettiği (Hate): All Universal Hates, All Milk, Algae Soup, Holly, Sashimi, Tortilla', 'Karakter Adı: Kent.\nYaşadığı Yer: Pelican Town bölgesi, Adres: 1 Willow Lane.\nDoğum Günü: Spring mevsiminin 4. günü.\nAile Üyeleri: Jodi, Sam, Vincent.\nEvlilik Durumu: Evlenilemez.\nKlinik Ziyaret Günü: Never.\nHEDİYE REHBERİ:\n- Çok Sevdiği (Love): All Universal Loves, Fiddlehead Risotto, Roasted Hazelnuts\n- Sevdiği (Like): All Universal Likes (except Algae Soup, Piña Colada, Sashimi, & Tortilla), All Eggs (except Void Egg)*, All Fruit, Daffodil, Dwarvish Safety Manual\n- Nötr Olduğu (Neutral): All Universal Neutrals, Chanterelle, Common Mushroom, Dandelion, Ginger, Hazelnut, Leek, Magma Cap, Morel, Purple Mushroom, Wild Horseradish, Winter Root\n- Sevmediği (Dislike): All Universal Dislikes, Quartz, Snow Yam, Piña Colada\n- Nefret Ettiği (Hate): All Universal Hates, All Milk, Algae Soup, Holly, Sashimi, Tortilla']","Vincent, Bahar (Spring) ayının 11. günü kliniği ziyaret eder.","Vincent, Bahar ayının 11. günü kliniğe (clinic) gider.",1.0,1.0
Abandoned Jojamart içindeki 'Missing Bundle'ı tamamlamak için hangi malzemeler gerekir?,"['Bundle Requirements (need 5) Sources\nThe Missing\nBundle\n□ Silver+ quality Wine - Cask\n□ Dinosaur Mayonnaise - Mayonnaise Machine\n□ Prismatic Shard - Mining\n□ Gold+ quality Ancient Fruit - Crops\n□ Gold+ quality Void Salmon - Fishing at Witch’s Swamp\n□ Caviar - Preserves Jar\nAbandoned JojamartAbandoned Jojamart\nVault Rewards: Unlocks Movie Theater in abandoned JojaMart\n- Note: this bundle doesn’t open until the community center is \ncompleted.\n116', 'BundlesBundles\nIncludes:\n- Crafts Room Bundles\n- Pantry Bundles\n- Fish Tank Bundles\n- Bulletin Board Bundles\n- Vault Bundles\n- Boiler Room Bundles\n- Abandoned JojaMart Bundles', 'Bundle Requirements Sources Rewards\nAnimal Bundle\n□ Large Milk - Cows\nCheese Press (1)\n \n□ Large Brown Egg - Chickens\n□ Large Egg - Chickens\n□ Large Goat Milk - Goats\n□ Wool - Sheep\n- Rabbits\n□ Duck Egg - Ducks\nArtisan Bundle\n□ Truffle Oil - Made from Truffles using an Oil \nMaker\nKeg (1)\n□ Cloth - Loom\n- Recycling a Soggy Newspaper\n□ Goat Cheese - Cheese Press\n□ Cheese - Cheese Press\n□ Honey - Bee House\n□ Jelly - Preserves Jar\n□ Apple - Apple Trees (Fall)\n- The Farm Cave (fruitbat opt)\n□ Apricot - Apricot Trees (Spring)\n- The Farm Cave (fruitbat opt)\n□ Orange - Orange Trees (Summer)\n- The Farm Cave (fruitbat opt)\n□ Peach - Peach Trees (Summer)\n- The Farm Cave (fruitbat opt)\n□ Pomegranate - Pomegranate Trees (Fall)\n- The Farm Cave (fruitbat opt)\n□ Cherry - Cherry Trees (Spring)\n- The Farm Cave (fruitbat opt)\nPantry Rewards: Restores dilapidated Greenhouse\n109\n(Need 5 of 6 to \ncomplete)\n(Need 6 of 12 \nto complete)', 'Bundle Requirements Sources Rewards\nConstruction\nBundle\n□ Wood (99) - Chopping trees/branches\nCharcoal Kiln (1)\n \n□ Wood (99) - Chopping trees/branches\n□ Stone (99) - Smashing stones\n□ Hardwood (10)\n- Chopping large stumps/logs \nwith upgraded axe\n- Smashing boxes in mines\n- Mahogany trees\nExotic Foraging\nBundle\n□ Coconut - Desert Foraging\n- Ginger Island Foraging\nAutumn’s\nBounty (5)\n□ Cactus Fruit - Desert Foraging\n□ Cave Carrot - The Mines, smashing \nboxes/tilling soil\n□ Red Mushroom\n- Foraging in the Mines\n- Summer/Fall Foraging in Secret \nWoods\n- The Farm Cave (mush opt)\n- Tapping mushroom tree\n□ Purple Mushroom\n- The Mines\n- The Farm Cave (mush opt)\n- Forest Farm Map Fall Foraging\n□ Maple Syrup - Tapped Maple Tree\n□ Oak Resin - Tapped Oak Tree\n□ Pine Tar - Tapped Pine Tree\n□ Morel\n- Spring Foraging in Secret \nWoods\n- The Farm Cave (mush opt)\nCrafts Room Rewards: Bridge repair east of mines – gives access to The \nQuarry\n107\n(Need 5 of 9 to \ncomplete)', 'Bundle Requirements Sources Rewards\nChef’s Bundle\n□ Maple Syrup - Tapped Maple Tree\nPink Cake (3) \n \n□ Fiddlehead Fern - Summer Foraging in Secret \nWoods\n□ Truffle - Pigs\n□ Poppy - Summer Crops\n□ Maki Roll - Cooking (recipe from The Queen\nof Sauce, The Saloon)\n□ Fried Egg - Cooking\nDye Bundle\n□ Red Mushroom\n- Foraging in The Mines\n- Summer/Fall Foraging in Secret \nWoods\n- The Farm Cave (mush opt)\n- Tapping a Mushroom Tree\nSeed Maker (1)□ Sea Urchin - Beach Foraging\n□ Sunflower - Summer/Fall Crops\n□ Duck Feather - Ducks\n□ Aquamarine - Aquamarine Nodes in Mines\n□ Red Cabbage - Summer Crops\nField Research\nBundle\n□ Purple Mushroom\n- Foraging in The Mines\n- The Farm Cave (mush opt)\n- Forest Farm Map Foraging (Fall)\nRecycling\nMachine (1)\n \n□ Nautilus Shell - Beach Foraging (Winter)\n□ Chub - Mountain Lake & River\n□ Frozen Geode - The Mines lvl 40-79\nFodder Bundle\n□ Wheat (10) - Summer/Fall Crops\nHeater (1)□ Hay (10)\n- Purchase at Marnie’s Ranch\n- Harvest grass w/ Scythe,']","'Missing Bundle'ı tamamlamak için aşağıdaki malzemeler gereklidir:

1. Silver+ kalite Şarap - Cask
2. Dinozor Mayonezi - Mayonez Makinesi
3. Prizmatik Parça - Madencilik
4. Gold+ kalite Antik Meyve - Tarım
5. Gold+ kalite Boşluk Somonu - Cadı'nın Bataklığı'nda Balık Tutma
6. Havyar - Konserve Kavanozu","Bu paketi tamamlamak için şu 6 seçenekten 5'i gerekir: Gümüş (Silver) veya üzeri kalitede Şarap, Dinozor Mayonezi (Dinosaur Mayonnaise), Prizmatik Parça (Prismatic Shard), Altın kalite Kadim Meyve (Ancient Fruit), Altın kalite Boşluk Somonu (Void Salmon) ve Havyar (Caviar).",1.0,1.0
Evlendikten sonra eşlerin (Spouses) çiftlikten ayrılma durumlarına ne denir?,"['Marriage Deviations:\nIf married, spouses will stay at your farm unless these apply:\n- Abigail: Goes to Pierre’s, then graveyard, then Saloon on Mondays; goes to Pierre’s, then Mountain \nlake, then Saloon on Fridays\n- Alex: Visits his grandparents on Mondays\n- Elliot: Goes to the beach on Mondays\n- Emily: Goes to Haley’s house then to work at Saloon on Mondays; goes to docks, then Pierre’s, then \nSaloon on Fridays\n- Haley: Goes to her old house on Mondays\n- Harvey: Goes to Pierre’s and to Fountain on Mondays, works at clinic on Tues & Thurs\n- Leah: Goes to forest river then her cottage on Mondays\n- Maru: Goes to visit parents and then bench near CC on Mondays, works at clinic on Tues/Thu\n- Penny: Goes to Pierre’s and then reads in town on Mondays, tutors Jas & Vincent at Muesum on \nTues, Wed, Fri\n- Sam: Visits parents on Mondays, visits parents and then goes to Saloon on Fridays\n- Sebastian: Goes to mountain lake and visits parents on Mondays, goes to beach and then Saloon on \nFridays', 'Karakter Adı: Evelyn.\nYaşadığı Yer: Pelican Town bölgesi, Adres: 1 River Road.\nDoğum Günü: Winter mevsiminin 20. günü.\nAile Üyeleri: George, Alex.\nEvlilik Durumu: Evlenilemez.\nKlinik Ziyaret Günü: The 2nd of each season ; The 23rd of each season (with George).\nHEDİYE REHBERİ:\n- Çok Sevdiği (Love): All Universal Loves, Beet, Chocolate Cake, Diamond, Fairy Rose, Stuffing, Tulip, Raisins\n- Sevdiği (Like): All Universal Likes (except Fried Eel,  Garlic, Maki Roll, Sashimi, Spicy Eel, & Trout Soup), All Milk, Broken Glasses, Daffodil\n- Nötr Olduğu (Neutral): All Universal Neutrals (except Clam & Coral), All Eggs (except Void Egg)*, All Fruit (except Fruit Tree Fruit, Salmonberry, & Spice Berry), Chanterelle, Common Mushroom, Dandelion, Ginger, Hazelnut, Leek, Magma Cap, Morel, Purple Mushroom, Snow Yam, Winter Root\n- Sevmediği (Dislike): All Universal Dislikes (except Clay & Fish), Quartz, Wild Horseradish\n- Nefret Ettiği (Hate): All Universal Hates (Except Broken Glasses), All Fish, Clam, Clay, Coral, Fried Eel, Garlic, Holly, Maki Roll, Salmonberry, Sashimi, Spice Berry, Spicy Eel, Trout Soup', 'Karakter Adı: Evelyn.\nYaşadığı Yer: Pelican Town bölgesi, Adres: 1 River Road.\nDoğum Günü: Winter mevsiminin 20. günü.\nAile Üyeleri: George, Alex.\nEvlilik Durumu: Evlenilemez.\nKlinik Ziyaret Günü: The 2nd of each season ; The 23rd of each season (with George).\nHEDİYE REHBERİ:\n- Çok Sevdiği (Love): All Universal Loves, Beet, Chocolate Cake, Diamond, Fairy Rose, Stuffing, Tulip, Raisins\n- Sevdiği (Like): All Universal Likes (except Fried Eel,  Garlic, Maki Roll, Sashimi, Spicy Eel, & Trout Soup), All Milk, Broken Glasses, Daffodil\n- Nötr Olduğu (Neutral): All Universal Neutrals (except Clam & Coral), All Eggs (except Void Egg)*, All Fruit (except Fruit Tree Fruit, Salmonberry, & Spice Berry), Chanterelle, Common Mushroom, Dandelion, Ginger, Hazelnut, Leek, Magma Cap, Morel, Purple Mushroom, Snow Yam, Winter Root\n- Sevmediği (Dislike): All Universal Dislikes (except Clay & Fish), Quartz, Wild Horseradish\n- Nefret Ettiği (Hate): All Universal Hates (Except Broken Glasses), All Fish, Clam, Clay, Coral, Fried Eel, Garlic, Holly, Maki Roll, Salmonberry, Sashimi, Spice Berry, Spicy Eel, Trout Soup', 'Karakter Adı: Evelyn.\nYaşadığı Yer: Pelican Town bölgesi, Adres: 1 River Road.\nDoğum Günü: Winter mevsiminin 20. günü.\nAile Üyeleri: George, Alex.\nEvlilik Durumu: Evlenilemez.\nKlinik Ziyaret Günü: The 2nd of each season ; The 23rd of each season (with George).\nHEDİYE REHBERİ:\n- Çok Sevdiği (Love): All Universal Loves, Beet, Chocolate Cake, Diamond, Fairy Rose, Stuffing, Tulip, Raisins\n- Sevdiği (Like): All Universal Likes (except Fried Eel,  Garlic, Maki Roll, Sashimi, Spicy Eel, & Trout Soup), All Milk, Broken Glasses, Daffodil\n- Nötr Olduğu (Neutral): All Universal Neutrals (except Clam & Coral), All Eggs (except Void Egg)*, All Fruit (except Fruit Tree Fruit, Salmonberry, & Spice Berry), Chanterelle, Common Mushroom, Dandelion, Ginger, Hazelnut, Leek, Magma Cap, Morel, Purple Mushroom, Snow Yam, Winter Root\n- Sevmediği (Dislike): All Universal Dislikes (except Clay & Fish), Quartz, Wild Horseradish\n- Nefret Ettiği (Hate): All Universal Hates (Except Broken Glasses), All Fish, Clam, Clay, Coral, Fried Eel, Garlic, Holly, Maki Roll, Salmonberry, Sashimi, Spice Berry, Spicy Eel, Trout Soup', ""Karakter Adı: Marnie.\nYaşadığı Yer: Cindersap Forest bölgesi, Adres: Marnie's Ranch.\nDoğum Günü: Fall mevsiminin 18. günü.\nAile Üyeleri: Jas, Shane.\nEvlilik Durumu: Evlenilemez.\nKlinik Ziyaret Günü: Fall 18 ; Winter 18 (with Jas).\nHEDİYE REHBERİ:\n- Çok Sevdiği (Love): All Universal Loves, Diamond, Farmer's Lunch, Pink Cake, Pumpkin Pie\n- Sevdiği (Like): All Universal Likes, All Eggs (except Void Egg)*, All Milk, Quartz, Stardew Valley Almanac\n- Nötr Olduğu (Neutral): All Universal Neutrals, All Fruit (except Fruit Tree Fruit & Salmonberry), Chanterelle, Common Mushroom, Daffodil, Dandelion, Ginger, Hazelnut, Leek, Magma Cap, Morel, Purple Mushroom, Snow Yam, Winter Root\n- Sevmediği (Dislike): All Universal Dislikes (except Clay), Salmonberry, Seaweed, Wild Horseradish\n- Nefret Ettiği (Hate): All Universal Hates (except Seaweed), Clay, Holly""]","Evlendikten sonra eşlerin çiftlikten ayrılma durumlarına ""Marriage Deviations"" denir.",Bu durumlara 'Marriage Deviations' (Evlilik Sapmaları) denir ve belirli günlerde gerçekleşir.,1.0,1.0
Gece Pazarı (Night Market) hangi mevsimde ve hangi tarihlerde gerçekleşir?,"[""Ekin Adı:  Ancient Fruit.\nYetiştiği Mevsimler: Spring, Summer, Fall.\nTohum Bilgisi: 'Ancient Seeds' olarak geçer.\nTohum Satın Alma Yerleri: Crafting Recipe.\nTohum Satış Fiyatı (Oyuncunun satışı): 30 altın.\nBüyüme Süresi: Toplam 28 gün sürer.\nHasat Özelliği: Bu bitki hasat edildikten sonra ölmeyip her 7 günde bir tekrar ürün verir.\nHasat Başına Kazanılan XP: Bilinmiyor puan.\nÜRÜN SATIŞ FİYATLARI (Kaliteye Göre):\n- Normal Kalite: 550 altın\n- Gümüş (Silver) Kalite: 687 altın\n- Altın (Gold) Kalite: 825 altın\n- İridyum (Iridium) Kalite: 1100 altın"", ""Ekin Adı:  Ancient Fruit.\nYetiştiği Mevsimler: Spring, Summer, Fall.\nTohum Bilgisi: 'Ancient Seeds' olarak geçer.\nTohum Satın Alma Yerleri: Crafting Recipe.\nTohum Satış Fiyatı (Oyuncunun satışı): 30 altın.\nBüyüme Süresi: Toplam 28 gün sürer.\nHasat Özelliği: Bu bitki hasat edildikten sonra ölmeyip her 7 günde bir tekrar ürün verir.\nHasat Başına Kazanılan XP: Bilinmiyor puan.\nÜRÜN SATIŞ FİYATLARI (Kaliteye Göre):\n- Normal Kalite: 550 altın\n- Gümüş (Silver) Kalite: 687 altın\n- Altın (Gold) Kalite: 825 altın\n- İridyum (Iridium) Kalite: 1100 altın"", ""Ekin Adı:  Ancient Fruit.\nYetiştiği Mevsimler: Spring, Summer, Fall.\nTohum Bilgisi: 'Ancient Seeds' olarak geçer.\nTohum Satın Alma Yerleri: Crafting Recipe.\nTohum Satış Fiyatı (Oyuncunun satışı): 30 altın.\nBüyüme Süresi: Toplam 28 gün sürer.\nHasat Özelliği: Bu bitki hasat edildikten sonra ölmeyip her 7 günde bir tekrar ürün verir.\nHasat Başına Kazanılan XP: Bilinmiyor puan.\nÜRÜN SATIŞ FİYATLARI (Kaliteye Göre):\n- Normal Kalite: 550 altın\n- Gümüş (Silver) Kalite: 687 altın\n- Altın (Gold) Kalite: 825 altın\n- İridyum (Iridium) Kalite: 1100 altın"", ""Ekin Adı:  Hot Pepper.\nYetiştiği Mevsimler: Summer.\nTohum Bilgisi: 'Pepper Seeds' olarak geçer.\nTohum Satın Alma Yerleri: Pierre's, JojaMart.\nTohum Satış Fiyatı (Oyuncunun satışı): 20 altın.\nBüyüme Süresi: Toplam 5 gün sürer.\nHasat Özelliği: Bu bitki hasat edildikten sonra ölmeyip her 3 günde bir tekrar ürün verir.\nHasat Başına Kazanılan XP: Bilinmiyor puan.\nÜRÜN SATIŞ FİYATLARI (Kaliteye Göre):\n- Normal Kalite: 40 altın\n- Gümüş (Silver) Kalite: 50 altın\n- Altın (Gold) Kalite: 60 altın\n- İridyum (Iridium) Kalite: 80 altın"", ""Ekin Adı:  Hot Pepper.\nYetiştiği Mevsimler: Summer.\nTohum Bilgisi: 'Pepper Seeds' olarak geçer.\nTohum Satın Alma Yerleri: Pierre's, JojaMart.\nTohum Satış Fiyatı (Oyuncunun satışı): 20 altın.\nBüyüme Süresi: Toplam 5 gün sürer.\nHasat Özelliği: Bu bitki hasat edildikten sonra ölmeyip her 3 günde bir tekrar ürün verir.\nHasat Başına Kazanılan XP: Bilinmiyor puan.\nÜRÜN SATIŞ FİYATLARI (Kaliteye Göre):\n- Normal Kalite: 40 altın\n- Gümüş (Silver) Kalite: 50 altın\n- Altın (Gold) Kalite: 60 altın\n- İridyum (Iridium) Kalite: 80 altın""]","Gece Pazarı (Night Market), kış mevsiminde (Winter) 15-17. günler arasında gerçekleşir.","Gece Pazarı, Kış (Winter) mevsiminde, ayın 15. 16. ve 17. günlerinde gerçekleşir.",0.0,0.0
